{
    "curves": [
        {
            "geometry": {
                "center": [
                    -0.0019999999999954321,
                    -0.0037999999999982492,
                    0
                ],
                "end_param": 6.2831853071795862,
                "major_axis": [
                    1.5,
                    0,
                    9.1848509936051472e-017
                ],
                "normal": [
                    -6.1232339957367648e-017,
                    0,
                    1
                ],
                "radius": 1.5,
                "start_param": 3.1415926535897931
            },
            "in_out": "out",
            "type": "circle",
            "visibility": "occluded"
        },
        {
            "geometry": {
                "center": [
                    -0.0019999999999954321,
                    -0.0037999999999982492,
                    0
                ],
                "end_param": 3.1415926535897931,
                "major_axis": [
                    1.5,
                    0,
                    9.1848509936051472e-017
                ],
                "normal": [
                    -6.1232339957367648e-017,
                    0,
                    1
                ],
                "radius": 1.5,
                "start_param": 0
            },
            "in_out": "out",
            "type": "circle",
            "visibility": "occluded"
        },
        {
            "geometry": {
                "center": [
                    -0.0019999999999997797,
                    -0.0037999999999982492,
                    -1.2246467991472181e-019
                ],
                "end_param": 4.7123889803846897,
                "major_axis": [
                    9.1848510000000001e-017,
                    1.5,
                    5.6240991888976818e-033
                ],
                "normal": [
                    -6.1232339957367648e-017,
                    0,
                    1
                ],
                "radius": 1.5,
                "start_param": 1.5707963267948966
            },
            "in_out": "out",
            "type": "circle",
            "visibility": "visible"
        },
        {
            "geometry": {
                "end_point": [
                    1.4980000000000024,
                    -0.0037999999999982492,
                    0
                ],
                "start_point": [
                    1.4980000000000024,
                    -0.0037999999999982492,
                    0
                ]
            },
            "in_out": "in",
            "type": "straight",
            "visibility": "hidden"
        },
        {
            "geometry": {
                "center": [
                    -0.0019999999999991062,
                    -0.0037999999999982492,
                    0
                ],
                "end_param": 6.2831853071795862,
                "major_axis": [
                    -3.25,
                    0,
                    -1.9900510486144486e-016
                ],
                "normal": [
                    6.1232339957367648e-017,
                    0,
                    -1
                ],
                "radius": 3.25,
                "start_param": 3.1415926535897931
            },
            "in_out": "out",
            "type": "circle",
            "visibility": "hidden_smooth"
        },
        {
            "geometry": {
                "center": [
                    -0.0019999999999991674,
                    -0.0037999999999982492,
                    0
                ],
                "end_param": 3.1415926535897931,
                "major_axis": [
                    -4.25,
                    0,
                    -2.6023744481881249e-016
                ],
                "normal": [
                    -6.1232339957367648e-017,
                    -0,
                    1
                ],
                "radius": 4.25,
                "start_param": 0
            },
            "in_out": "in",
            "type": "circle",
            "visibility": "hidden_smooth"
        },
        {
            "geometry": {
                "end_point": [
                    -3.2519999999999989,
                    -0.0037999999999982492,
                    0
                ],
                "start_point": [
                    -4.2519999999999989,
                    -0.0037999999999982492,
                    0
                ]
            },
            "in_out": "in",
            "type": "straight",
            "visibility": "hidden_smooth"
        },
        {
            "geometry": {
                "center": [
                    -0.0019999999999997797,
                    -0.0037999999999982492,
                    -1.2246467991472181e-019
                ],
                "end_param": 4.7123889803846897,
                "major_axis": [
                    -6.1232339999999994e-016,
                    10,
                    -3.7493994592651207e-032
                ],
                "normal": [
                    6.1232339957367648e-017,
                    0,
                    -1
                ],
                "radius": 10,
                "start_param": 1.5707963267948966
            },
            "in_out": "out",
            "type": "circle",
            "visibility": "visible"
        },
        {
            "geometry": {
                "center": [
                    -0.0019999999999991674,
                    -0.0037999999999982492,
                    0
                ],
                "end_param": 4.7123889803846897,
                "major_axis": [
                    -6.1232339999999994e-016,
                    10,
                    -3.7493994592651207e-032
                ],
                "normal": [
                    6.1232339957367648e-017,
                    0,
                    -1
                ],
                "radius": 10,
                "start_param": 1.5707963267948966
            },
            "in_out": "out",
            "type": "circle",
            "visibility": "occluded"
        },
        {
            "geometry": {
                "end_point": [
                    9.9980000000000011,
                    -0.0037999999999982492,
                    0
                ],
                "start_point": [
                    9.9980000000000011,
                    -0.0037999999999982492,
                    0
                ]
            },
            "in_out": "in",
            "type": "straight",
            "visibility": "hidden"
        },
        {
            "geometry": {
                "center": [
                    -0.0019999999999951532,
                    -0.0037999999999982492,
                    0
                ],
                "end_param": 3.1415926535897931,
                "major_axis": [
                    3.0414670699999999,
                    0,
                    1.8623614559937891e-016
                ],
                "normal": [
                    -6.1232339957367648e-017,
                    0,
                    1
                ],
                "radius": 3.0414670699999999,
                "start_param": 0
            },
            "in_out": "in",
            "type": "circle",
            "visibility": "hidden_smooth"
        },
        {
            "geometry": {
                "center": [
                    -0.0019999999999950929,
                    -0.0037999999999982492,
                    0
                ],
                "end_param": 3.1415926535897931,